"Species";"Kingdom";"Phylum";"Class";"Order";"Family";"System";
"Abelmoschus moschatus";"Plantae";"Magnoliophyta";"Magnoliopsida";"Fabales";"Malvaceae";"Terrestrial";
"Abrus precatorius";"Plantae";"Magnoliophyta";"Magnoliopsida";"Fabales";"Fabaceae";"Terrestrial";
"Acacia farnesiana";"Plantae";"Magnoliophyta";"Magnoliopsida";"Fabales";"Fabaceae";"Terrestrial";
"Acacia longifolia";"Plantae";"Magnoliophyta";"Magnoliopsida";"Fabales";"Fabaceae";"Terrestrial";
"Acacia nilotica";"Plantae";"Magnoliophyta";"Magnoliopsida";"Fabales";"Fabaceae";"Terrestrial";
"Acanthophora spicifera";"Plantae";"Rhodophyta";"Florideophiceae";"Ceramiales";"Rhodomelaceae";"Marine";
"Achatina fulica";"Animalia";"Mollusca";"Gastropoda";"Stylommatophora";"Achatinidae";"Terrestrial";
"Acromyrmex octospinosus";"Animalia";"Arthropoda";"Insecta";"Hymenoptera";"Formicidae";"Terrestrial";
"Adenanthera pavonina";"Plantae";"Magnoliophyta";"Magnoliopsida";"Fabales";"Fabaceae";"Terrestrial";
"Aedes aegypti";"Animalia";"Arthropoda";"Insecta";"Diptera";"Culicidae";"Terrestrial";
"Aedes albopictus";"Animalia";"Arthropoda";"Insecta";"Diptera";"Culicidae";"Terrestrial";
"Agave americana";"Plantae";"Magnoliophyta";"Liliopsida";"Liliales";"Agavaceae";"Terrestrial";
"Agave sisalana";"Plantae";"Magnoliophyta";"Liliopsida";"Liliales";"Agavaceae";"Terrestrial";
"Ageratum conyzoides";"Plantae";"Magnoliophyta";"Magnoliopsida";"Asterales";"Asteraceae";"Terrestrial";
"Albizia lebbeck";"Plantae";"Magnoliophyta";"Magnoliopsida";"Fabales";"Fabaceae";"Terrestrial";
"Aleurites moluccana";"Plantae";"Magnoliophyta";"Magnoliopsida";"Euphorbiales";"Euphorbiaceae";"Terrestrial";
"Alpinia zerumbet";"Plantae";"Magnoliophyta";"Liliopsida";"Zingiberales";"Zingiberaceae";"Terrestrial";
"Alternanthera philoxeroides";"Plantae";"Magnoliophyta";"Magnoliopsida";"Caryophyllales";"Amaranthaceae";"Terrestrial";
"Alternanthera sessilis";"Plantae";"Magnoliophyta";"Magnoliopsida";"Caryophyllales";"Amaranthaceae";"Terrestrial";
"Ambrosia artemisiifolia";"Plantae";"Magnoliophyta";"Magnoliopsida";"Asterales";"Asteraceae";"Terrestrial";
"Ameiurus nebulosus";"Animalia";"Chordata";"Actinopterygii";"Siluriformes";"Ictaluridae";"Terrestrial";
"Anas platyrhynchos";"Animalia";"Chordata";"Aves";"Anseriformes";"Anatidae";"Freshwater_terrestrial";
"Angiopteris evecta";"Plantae";"Pteridophyta";"Filicopsida";"Marattiales";"Marattiaceae";"Terrestrial";
"Annona glabra";"Plantae";"Magnoliophyta";"Magnoliopsida";"Magnoliales";"Annonaceae";"Terrestrial";
"Annona squamosa";"Plantae";"Magnoliophyta";"Magnoliopsida";"Magnoliales";"Annonaceae";"Terrestrial";
"Anolis aeneus";"Animalia";"Chordata";"Reptilia";"Squamata";"Polychrotidae";"Terrestrial";
"Anolis carolinensis";"Animalia";"Chordata";"Reptilia";"";"Polychrotidae";"Terrestrial";
"Anolis cristatellus";"Animalia";"Chordata";"Reptilia";"";"Polychrotidae";"Terrestrial";
"Anolis distichus";"Animalia";"Chordata";"Reptilia";"";"Polychrotidae";"Terrestrial";
"Anolis equestris";"Animalia";"Chordata";"Reptilia";"";"Polychrotidae";"Terrestrial";
"Anolis extremus";"Animalia";"Chordata";"Reptilia";"";"Polychrotidae";"Terrestrial";
"Anolis garmani";"Animalia";"Chordata";"Reptilia";"";"Polychrotidae";"Terrestrial";
"Anolis leachii";"Animalia";"Chordata";"Reptilia";"";"Polychrotidae";"Terrestrial";
"Anolis lineatus";"Animalia";"Chordata";"Reptilia";"";"Polychrotidae";"Terrestrial";
"Anolis maynardi";"Animalia";"Chordata";"Reptilia";"";"Polychrotidae";"Terrestrial";
"Anolis porcatus";"Animalia";"Chordata";"Reptilia";"";"Polychrotidae";"Terrestrial";
"Anolis richardii";"Animalia";"Chordata";"Reptilia";"";"Polychrotidae";"Terrestrial";
"Anolis trinitatis";"Animalia";"Chordata";"Reptilia";"";"Polychrotidae";"Terrestrial";
"Anolis wattsi";"Animalia";"Chordata";"Reptilia";"";"Polychrotidae";"Terrestrial";
"Anredera cordifolia";"Plantae";"Magnoliophyta";"Magnoliopsida";"Caryophyllales";"Basellaceae";"Terrestrial";
"Antigonon leptopus";"Plantae";"Magnoliophyta";"Liliopsida";"Liliales";"Pontederiaceae";"Terrestrial";
"Apis mellifera scutellata";"Animalia";"Arthropoda";"Insecta";"Hymenoptera";"Apiidae";"Terrestrial";
"Ardisia acuminata";"Plantae";"Magnoliophyta";"Magnoliopsida";"Primulales";"Myrsinaceae";"Terrestrial";
"Ardisia elliptica";"Plantae";"Magnoliophyta";"Magnoliopsida";"Primulales";"Myrsinaceae";"Terrestrial";
"Arundo donax";"Plantae";"Magnoliophyta";"Liliopsida";"Cyperales";"Poaceae";"Terrestrial";
"Asparagus densiflorus";"Plantae";"Magnoliophyta";"Liliopsida";"Liliales";"Liliaceae";"Terrestrial";
"Asparagus officinalis";"Plantae";"Magnoliophyta";"Liliopsida";"Liliales";"Liliaceae";"Terrestrial";
"Asystasia gangetica";"Plantae";"Magnoliophyta";"Magnoliopsida";"Scrophulariales";"Acanthaceae";"Terrestrial";
"Aulacaspis yasumatsui";"Animalia";"Arthropoda";"Insecta";"Hemiptera";"Diaspididae";"Terrestrial";
"Bacopa monnieri";"Plantae";"Magnoliophyta";"Magnoliopsida";"Scrophulariales";"Scrophulariaceae";"Terrestrial";
"Bambusa vulgaris";"Plantae";"Magnoliophyta";"Liliopsida";"Cyperales";"Poaceae";"Terrestrial";
"Banana bunchy top virus (BBTV)";"Virus";"";"";"";"Circoviridae";"Terrestrial";
"Begonia cucullata";"Plantae";"Magnoliophyta";"Magnoliopsida";"Violales";"Begoniaceae";"Terrestrial";
"Bemisia tabaci";"Animalia";"Arthropoda";"Insecta";"Homoptera";"Aleyrodidae";"Terrestrial";
"Bidens pilosa";"Plantae";"Magnoliophyta";"Magnoliopsida";"Asterales";"Asteraceae";"Terrestrial";
"Boa constrictor imperator";"Animalia";"Chordata";"Reptilia";"Squamata";"Boidae";"Terrestrial";
"Bos taurus";"Animalia";"Chordata";"Mammalia";"Artiodactyla";"Bovidae";"Terrestrial";
"Bothriochloa pertusa";"Plantae";"Magnoliophyta";"Liliopsida";"Cyperales";"Poaceae";"Terrestrial";
"Branta canadensis";"Animalia";"Chordata";"Aves";"Anseriformes";"Anatidae";"Freshwater_terrestrial";
"Bromus tectorum";"Plantae";"Magnoliophyta";"Liliopsida";"Cyperales";"Poaceae";"Terrestrial";
"Bubulcus ibis";"Animalia";"Chordata";"Aves";"Ciconiiformes";"Ardeidae";"Terrestrial";
"Buddleja madagascariensis";"Plantae";"Magnoliophyta";"Magnoliopsida";"Scrophulariales";"Buddlejaceae";"Terrestrial";
"Bugula neritina";"Animalia";"Ectoprocta";"Gymnolaemata";"Cheilostomata";"Bugulidae";"Marine";
"Cactoblastis cactorum";"Animalia";"Arthropoda";"Insecta";"Lepidoptera";"Pyralidae";"Terrestrial";
"Caesalpinia decapetala";"Plantae";"Magnoliophyta";"Magnoliopsida";"Fabales";"Fabaceae";"Terrestrial";
"Caiman crocodilus";"Animalia";"Chordata";"Reptilia";"Crocodilia";"Alligatoridae";"Freshwater_terrestrial";
"Candidatus Liberibacter asiaticus";"Bacteria";"Proteobacteria";"Alphaproteobacteria";"Rhizobiales";"Rhizobiaceae";"Terrestrial";
"Canis lupus";"Animalia";"Chordata";"Mammalia";"Carnivora";"Canidae";"Terrestrial";
"Canna indica";"Plantae";"Magnoliophyta";"Liliopsida";"Zingiberales";"Cannaceae";"Terrestrial";
"Capra hircus";"Animalia";"Chordata";"Mammalia";"Artiodactyla";"Bovidae";"Terrestrial";
"Carassius auratus";"Animalia";"Chordata";"Actinopterygii";"Cypriniformes";"Cyprinidae";"Freshwater";
"Cardamine flexuosa";"Plantae";"Magnoliophyta";"Magnoliopsida";"Capparales";"Brassicaceae";"Terrestrial";
"Carijoa riisei";"Animalia";"Cnidaria";"Anthozoa";"Alcyonacea";"Clavulariidae";"Marine";
"Carpobrotus edulis";"Plantae";"Magnoliophyta";"Magnoliopsida";"Caryophyllales";"Aizoaceae";"Terrestrial";
"Castilla elastica";"Plantae";"Magnoliophyta";"Magnoliopsida";"Urticales";"Moraceae";"Terrestrial";
"Casuarina equisetifolia";"Plantae";"Magnoliophyta";"Magnoliopsida";"Casuarinales";"Casuarinaceae";"Terrestrial";
"Caulerpa taxifolia";"Plantae";"Chlorophyta";"Chlorophyceae";"Caulerpales";"Caulerpaceae";"Marine";
"Caulerpa webbiana";"Plantae";"Chlorophyta";"Chlorophyceae";"Caulerpales";"Caulerpaceae";"Marine";
"Cecropia peltata";"Plantae";"Magnoliophyta";"Magnoliopsida";"Urticales";"Cecropiaceae";"Terrestrial";
"Cecropia schreberiana";"Plantae";"Magnoliophyta";"Magnoliopsida";"Urticales";"Cecropiaceae";"Terrestrial";
"Cedrela odorata";"Plantae";"Magnoliophyta";"Magnoliopsida";"Sapindales";"Meliaceae";"Terrestrial";
"Cenchrus ciliaris";"Plantae";"Magnoliophyta";"Liliopsida";"Cyperales";"Poaceae";"Terrestrial";
"Cenchrus setaceus";"Plantae";"Magnoliophyta";"Liliopsida";"Cyperales";"Poaceae";"Terrestrial";
"Ceratitis capitata";"Animalia";"Arthropoda";"Insecta";"Diptera";"Tephritidae";"Terrestrial";
"Cercopithecus mona";"Animalia";"Chordata";"Mammalia";"Primates";"Cercopithecidae";"Terrestrial";
"Cervus elaphus";"Animalia";"Chordata";"Mammalia";"Artiodactyla";"Cervidae";"Terrestrial";
"Cestrum nocturnum";"Plantae";"Magnoliophyta";"Magnoliopsida";"Solanales";"Solanaceae";"Terrestrial";
"Charybdis hellerii";"Animalia";"Arthropoda";"Malacostraca";"Decapoda";"Portunidae";"Marine_terrestrial";
"Chromolaena odorata";"Plantae";"Magnoliophyta";"Magnoliopsida";"Asterales";"Asteraceae";"Terrestrial";
"Chrysobalanus icaco";"Plantae";"Magnoliophyta";"Magnoliopsida";"Rosales";"Chrysobalanaceae";"Terrestrial";
"Chthamalus proteus";"Animalia";"Arthropoda";"Maxillopoda";"Sessilia";"Chthamalidae";"Terrestrial";
"Cichla ocellaris";"Animalia";"Chordata";"Actinopterygii";"Perciformes";"Cichlidae";"Freshwater";
"Cinnamomum camphora";"Plantae";"Magnoliophyta";"Magnoliopsida";"Laurales";"Lauraceae";"Terrestrial";
"Cinnamomum verum";"Plantae";"Magnoliophyta";"Magnoliopsida";"Laurales";"Lauraceae";"Terrestrial";
"Citharexylum spinosum";"Plantae";"Magnoliophyta";"Magnoliopsida";"Lamiales";"Verbenaceae";"Terrestrial";
"Clidemia hirta";"Plantae";"Magnoliophyta";"Magnoliopsida";"Myrtales";"Melastomataceae";"Terrestrial";
"Coccinia grandis";"Plantae";"Magnoliophyta";"Magnoliopsida";"Violales";"Cucurbitaceae";"Terrestrial";
"Colubrina asiatica";"Plantae";"Magnoliophyta";"Magnoliopsida";"Rhamnales";"Rhamnaceae";"Terrestrial";
"Columba livia";"Animalia";"Chordata";"Aves";"Columbiformes";"Columbidae";"Terrestrial";
"Corvus splendens";"Animalia";"Chordata";"Aves";"Passeriformes";"Corvidae";"Terrestrial";
"Crepidula fornicata";"Animalia";"Mollusca";"Gastropoda";"Neotaenioglossa";"Calyptraeidae";"Marine";
"Cryptostegia grandiflora";"Plantae";"Magnoliophyta";"Magnoliopsida";"Gentianales";"Asclepiadaceae";"Terrestrial";
"Cryptostegia madagascariensis";"Plantae";"Magnoliophyta";"Magnoliopsida";"Gentianales";"Asclepiadaceae";"Terrestrial";
"Ctenopharyngodon idella";"Animalia";"Chordata";"Actinopterygii";"Cypriniformes";"Cyprinidae";"Freshwater";
"Cynodon dactylon";"Plantae";"Magnoliophyta";"Liliopsida";"Cyperales";"Poaceae";"Terrestrial";
"Cyperus rotundus";"Plantae";"Magnoliophyta";"Liliopsida";"Cyperales";"Cyperaceae";"Terrestrial";
"Cyprinus carpio";"Animalia";"Chordata";"Actinopterygii";"Cypriniformes";"Cyprinidae";"Freshwater";
"Diaphorina citri";"Animalia";"Arthropoda";"Insecta";"Hemiptera";"Psyllidae";"Terrestrial";
"Dichrostachys cinerea";"Plantae";"Magnoliophyta";"Magnoliopsida";"Fabales";"Fabaceae";"Terrestrial";
"Didemnum spp.";"Animalia";"Chordata";"Ascidiacea";"Enterogona";"Didemnidae";"Marine";
"Dyssodia tenuiloba";"Plantae";"Magnoliophyta";"Magnoliopsida";"Asterales";"Asteraceae";"Terrestrial";
"Egeria densa";"Plantae";"Magnoliophyta";"Liliopsida";"Hydrocharitales";"Hydrocharitaceae";"Terrestrial";
"Eichhornia crassipes";"Plantae";"Magnoliophyta";"Liliopsida";"Liliales";"Pontederiaceae";"Terrestrial";
"Elaeagnus angustifolia";"Plantae";"Magnoliophyta";"Magnoliopsida";"Rhamnales";"Elaeagnaceae";"Terrestrial";
"Elaeis guineensis";"Plantae";"Magnoliophyta";"Liliopsida";"Arecales";"Arecaceae";"Terrestrial";
"Elaphe guttata";"Animalia";"Chordata";"Reptilia";"Squamata";"Colubridae";"Terrestrial";
"Elephantopus mollis";"Plantae";"Magnoliophyta";"Magnoliopsida";"Asterales";"Asteraceae";"Terrestrial";
"Eleutherodactylus coqui";"Animalia";"Chordata";"Amphibia";"Anura";"Leptodactylidae";"Freshwater_terrestrial";
"Eleutherodactylus johnstonei";"Animalia";"Chordata";"Amphibia";"Anura";"Leptodactylidae";"Freshwater_terrestrial";
"Eleutherodactylus planirostris";"Animalia";"Chordata";"Amphibia";"Anura";"Leptodactylidae";"Freshwater_terrestrial";
"Epipremnum pinnatum";"Plantae";"Magnoliophyta";"Liliopsida";"Arales";"Araceae";"Terrestrial";
"Equus asinus";"Animalia";"Chordata";"Mammalia";"Perissodactyla";"Equidae";"Terrestrial";
"Equus caballus";"Animalia";"Chordata";"Mammalia";"Perissodactyla";"Equidae";"Terrestrial";
"Eriobotrya japonica";"Plantae";"Magnoliophyta";"Magnoliopsida";"Rosales";"Rosaceae";"Terrestrial";
"Erythrocebus patas";"Animalia";"Chordata";"Mammalia";"Primates";"Cercopithecidae";"Terrestrial";
"Estrilda astrild";"Animalia";"Chordata";"Aves";"Passeriformes";"Estrildidae";"Terrestrial";
"Eugenia uniflora";"Plantae";"Magnoliophyta";"Magnoliopsida";"Myrtales";"Myrtaceae";"Terrestrial";
"Euglandina rosea";"Animalia";"Mollusca";"Gastropoda";"Stylommatophora";"Spiraxidae";"Terrestrial";
"Felis catus";"Animalia";"Chordata";"Mammalia";"Carnivora";"Felidae";"Terrestrial";
"Ficus microcarpus";"Plantae";"Magnoliophyta";"Magnoliopsida";"Urticales";"Moraceae";"Terrestrial";
"Flacourtia indica";"Plantae";"Magnoliophyta";"Magnoliopsida";"Violales";"Flacourtiaceae";"Terrestrial";
"Flemingia strobilifera";"Plantae";"Magnoliophyta";"Magnoliopsida";"Fabales";"Fabaceae";"Terrestrial";
"Funtumia elastica";"Plantae";"Magnoliophyta";"Magnoliopsida";"Gentianales";"Apocynaceae";"Terrestrial";
"Gallus gallus";"Animalia";"Chordata";"Aves";"Galliformes";"Phasianidae";"Terrestrial";
"Gallus varius";"Animalia";"Chordata";"Aves";"Galliformes";"Phasianidae";"Terrestrial";
"Gambusia affinis";"Animalia";"Chordata";"Actinopterygii";"Cyprinodontiformes";"Poeciliidae";"Freshwater";
"Gambusia holbrooki";"Animalia";"Chordata";"Actinopterygii";"Cyprinodontiformes";"Poeciliidae";"Freshwater";
"Gastrophryne carolinensis";"Animalia";"Chordata";"Amphibia";"Anura";"	Microhylidae";"Freshwater_terrestrial";
"Grevillea robusta";"Plantae";"Magnoliophyta";"Magnoliopsida";"Proteales";"Proteaceae";"Terrestrial";
"Gymnodinium catenatum";"Plantae";"Pyrrophycophyta";"Dinophyceae";"Gymnodiniales";"Gymnodiniaceae";"Marine";
"Haematoxylum campechianum";"Plantae";"Magnoliophyta";"Magnoliopsida";"Fabales";"Fabaceae";"Terrestrial";
"Halophila stipulacea";"Plantae";"Magnoliophyta";"Liliopsida";"Hydrocharitales";"Hydrocharitaceae";"Terrestrial";
"Hedera helix";"Plantae";"Phaeophycophyta";"Phaeophyceae";"Laminariales";"Alariaceae";"Terrestrial";
"Hedychium coccineum";"Plantae";"Magnoliophyta";"Liliopsida";"Zingiberales";"Zingiberaceae";"Terrestrial";
"Hedychium coronarium";"Plantae";"Magnoliophyta";"Liliopsida";"Zingiberales";"Zingiberaceae";"Terrestrial";
"Hedychium gardnerianum";"Plantae";"Magnoliophyta";"Liliopsida";"Zingiberales";"Zingiberaceae";"Terrestrial";
"Heliotropium curassavicum";"Plantae";"Magnoliophyta";"Magnoliopsida";"Lamiales";"Boraginaceae";"Terrestrial";
"Hemidactylus mabouia";"Animalia";"Chordata";"Reptilia";"Squamata";"Gekkonidae";"Terrestrial";
"Herpestes javanicus";"Animalia";"Chordata";"Mammalia";"Carnivora";"Herpestidae";"Terrestrial";
"Hypnea musciformis";"Plantae";"Rhodophycota";"Rhodophyceae";"Gigartinales";"Hypneaceae";"Marine";
"Hypophthalmichthys molitrix";"Animalia";"Chordata";"Actinopterygii";"Cypriniformes";"Cyprinidae";"Freshwater";
"Hypophthalmichthys nobilis";"Animalia";"Chordata";"Actinopterygii";"Cypriniformes";"Cyprinidae";"Freshwater";
"Icerya purchasi";"Animalia";"Arthropoda";"Insecta";"Hemiptera";"Margarodidae";"Terrestrial";
"Iguana iguana";"Animalia";"Chordata";"Reptilia";"Squamata";"Iguanidae";"Terrestrial";
"Impatiens walleriana";"Plantae";"Magnoliophyta";"Magnoliopsida";"Geraniales";"Balsaminaceae";"Terrestrial";
"Ipomoea aquatica";"Plantae";"Magnoliophyta";"Magnoliopsida";"Solanales";"Convolvulaceae";"Terrestrial";
"Ipomoea cairica";"Plantae";"Magnoliophyta";"Magnoliopsida";"Solanales";"Convolvulaceae";"Terrestrial";
"Ischaemum timorense";"Plantae";"Magnoliophyta";"Liliopsida";"Cyperales";"Poaceae";"Terrestrial";
"Jatropha gossypiifolia";"Plantae";"Magnoliophyta";"Magnoliopsida";"Euphorbiales";"Euphorbiaceae";"Terrestrial";
"Juncus tenuis";"Plantae";"Magnoliophyta";"Liliopsida";"Juncales";"Juncaceae";"Terrestrial";
"Juniperus bermudiana";"Plantae";"Coniferophyta";"Coniferopsida";"Coniferales";"Cupressaceae";"Terrestrial";
"Kalanchoe pinnata";"Plantae";"Magnoliophyta";"Magnoliopsida";"Rosales";"Crassulaceae";"Terrestrial";
"Lantana camara";"Plantae";"Magnoliophyta";"Magnoliopsida";"Lamiales";"Verbenaceae";"Terrestrial";
"Lates niloticus";"Animalia";"Chordata";"Actinopterygii";"Perciformes";"Centropomidae";"Freshwater";
"Launaea intybacea";"Plantae";"Magnoliophyta";"Magnoliopsida";"Asterales";"Asteraceae";"Terrestrial";
"Lepidium virginicum";"Plantae";"Magnoliophyta";"Magnoliopsida";"Capparales";"Brassicaceae";"Terrestrial";
"Lepus europaeus";"Animalia";"Chordata";"Mammalia";"Lagomorpha";"Leporidae";"Terrestrial";
"Leucaena leucocephala";"Plantae";"Magnoliophyta";"Magnoliopsida";"Fabales";"Fabaceae";"Terrestrial";
"Ligustrum lucidum";"Plantae";"Magnoliophyta";"Magnoliopsida";"Scrophulariales";"Oleaceae";"Terrestrial";
"Ligustrum sinense";"Plantae";"Magnoliophyta";"Magnoliopsida";"Scrophulariales";"Oleaceae";"Terrestrial";
"Linepithema humile";"Animalia";"Arthropoda";"Insecta";"Hymenoptera";"Formicidae";"Terrestrial";
"Lithobates catesbeianus";"Animalia";"Chordata";"Amphibia";"Anura";"Ranidae";"Freshwater_terrestrial";
"Livistona chinensis";"Plantae";"Magnoliophyta";"Liliopsida";"Arecales";"Arecaceae";"Terrestrial";
"Lonicera japonica";"Plantae";"Magnoliophyta";"Magnoliopsida";"Dipsacales";"Caprifoliaceae";"Terrestrial";
"Ludwigia peruviana";"Plantae";"Magnoliophyta";"Magnoliopsida";"Myrtales";"Onagraceae";"Terrestrial";
"Lygodium japonicum";"Plantae";"Pteridophyta";"Filicopsida";"Polypodiales";"Lygodiaceae";"Terrestrial";
"Macaca mulatta";"Animalia";"Chordata";"Mammalia";"Primates";"Cercopithecidae";"Terrestrial";
"Macfadyena unguis-cati";"Plantae";"Magnoliophyta";"Magnoliopsida";"Scrophulariales";"Bignoniaceae";"Terrestrial";
"Maconellicoccus hirsutus";"Animalia";"Arthropoda";"Insecta";"Hemiptera";"Pseudococcidae";"Terrestrial";
"Melaleuca quinquenervia";"Plantae";"Magnoliophyta";"Magnoliopsida";"Myrtales";"Myrtaceae";"Terrestrial";
"Melia azedarach";"Plantae";"Magnoliophyta";"Magnoliopsida";"Sapindales";"Meliaceae";"Terrestrial";
"Melinis minutiflora";"Plantae";"Magnoliophyta";"Liliopsida";"Cyperales";"Poaceae";"Terrestrial";
"Merremia tuberosa";"Plantae";"Magnoliophyta";"Magnoliopsida";"Solanales";"Convolvulaceae";"Terrestrial";
"Miconia calvescens";"Plantae";"Magnoliophyta";"Magnoliopsida";"Myrtales";"Melastomataceae";"Terrestrial";
"Micropterus salmoides";"Animalia";"Chordata";"Actinopterygii";"Perciformes";"Centrarchidae";"Freshwater";
"Microstegium vimineum";"Plantae";"Magnoliophyta";"Liliopsida";"Cyperales";"Poaceae";"Terrestrial";
"Mikania micrantha";"Plantae";"Magnoliophyta";"Magnoliopsida";"Asterales";"Asteraceae";"Terrestrial";
"Mimosa pigra";"Plantae";"Magnoliophyta";"Magnoliopsida";"Fabales";"Fabaceae";"Terrestrial";
"Mimosa pudica";"Plantae";"Magnoliophyta";"Magnoliopsida";"Fabales";"Fabaceae";"Terrestrial";
"Molothrus bonariensis";"Animalia";"Chordata";"Aves";"Passeriformes";"Icteridae";"Terrestrial";
"Monomorium destructor";"Animalia";"Arthropoda";"Insecta";"Hymenoptera";"Formicidae";"Terrestrial";
"Monomorium floricola";"Animalia";"Arthropoda";"Insecta";"Hymenoptera";"Formicidae";"Terrestrial";
"Monomorium pharaonis";"Animalia";"Arthropoda";"Insecta";"Hymenoptera";"Formicidae";"Terrestrial";
"Mus musculus";"Animalia";"Chordata";"Mammalia";"Rodentia";"Muridae";"Terrestrial";
"Myiopsitta monachus";"Animalia";"Chordata";"Aves";"Psittaciformes";"Psittacidae";"Terrestrial";
"Mytilopsis sallei";"Animalia";"Mollusca";"Bivalvia";"Veneroida";"Dreissenidae";"Marine";
"Neyraudia reynaudiana";"Plantae";"Magnoliophyta";"Liliopsida";"Cyperales";"Poaceae";"Terrestrial";
"Norops grahami";"Animalia";"Chordata";"Reptilia";"Squamata";"Polychrotidae";"Terrestrial";
"Norops sagrei";"Animalia";"Chordata";"Reptilia";"Squamata";"Polychrotidae";"Terrestrial";
"Nylanderia (=Paratrechina) pubens";"Animalia";"Arthropoda";"Insecta";"Hymenoptera";"Formicidae";"Terrestrial";
"Nymphaea odorata";"Plantae";"Magnoliophyta";"Magnoliopsida";"Nymphaeales";"Nymphaeaceae";"Terrestrial";
"Nypa fruticans";"Plantae";"Magnoliophyta";"Magnoliopsida";"Asterales";"Asteraceae";"Terrestrial";
"Ocimum gratissimum";"Plantae";"Magnoliophyta";"Magnoliopsida";"Lamiales";"Lamiaceae";"Terrestrial";
"Oeceoclades maculata";"Plantae";"Magnoliophyta";"Liliopsida";"Orchidales";"Orchidaceae";"Terrestrial";
"Oncorhynchus mykiss";"Animalia";"Chordata";"Actinopterygii";"Salmoniformes";"Salmonidae";"Freshwater";
"Ophiostoma ulmi sensu lato";"Fungi";"Ascomycota";"Ascomycetes";"Ophiostomatales";"Ophiostomataceae";"Terrestrial";
"Opuntia cochenillifera";"Plantae";"Magnoliophyta";"Magnoliopsida";"Caryophyllales";"Cactacea";"Terrestrial";
"Opuntia stricta";"Plantae";"Magnoliophyta";"Magnoliopsida";"Caryophyllales";"Cactacea";"Terrestrial";
"Oreochromis";"Animalia";"Chordata";"Actinopterygii";"Perciformes";"Cichlidae";"Freshwater";
"Oreochromis aureus";"Animalia";"Chordata";"Actinopterygii";"Perciformes";"Cichlidae";"Freshwater";
"Oreochromis mossambicus";"Animalia";"Chordata";"Actinopterygii";"Perciformes";"Cichlidae";"Freshwater";
"Oreochromis niloticus";"Animalia";"Chordata";"Actinopterygii";"Perciformes";"Cichlidae";"Freshwater";
"Orthezia insignis";"Animalia";"Arthropoda";"Insecta";"Hemiptera";"Ortheziidae";"Terrestrial";
"Osteopilus septentrionalis";"Animalia";"Chordata";"Amphibia";"Anura";"Hylidae";"Freshwater_terrestrial";
"Ovis aries";"Animalia";"Chordata";"Mammalia";"Artiodactyla";"Bovidae";"Terrestrial";
"Oxalis corniculata";"Plantae";"Magnoliophyta";"Magnoliopsida";"Geraniales";"Oxalidaceae";"Terrestrial";
"Oxalis latifolia";"Plantae";"Magnoliophyta";"Magnoliopsida";"Geraniales";"Oxalidaceae";"Terrestrial";
"Oxalis pes-caprae";"Plantae";"Magnoliophyta";"Magnoliopsida";"Geraniales";"Oxalidaceae";"Terrestrial";
"Oxycaryum cubense";"Plantae";"Magnoliophyta";"Liliopsida";"Cyperales";"Cyperaceae";"Terrestrial";
"Paratachardina pseudolobata";"Animalia";"Arthropoda";"Insecta";"Hemiptera";"Kerriidae";"Terrestrial";
"Paratrechina longicornis";"Animalia";"Arthropoda";"Insecta";"Hymenoptera";"Formicidae";"Terrestrial";
"Parthenium hysterophorus";"Plantae";"Magnoliophyta";"Magnoliopsida";"Asterales";"Asteraceae";"Terrestrial";
"Paspalum vaginatum";"Plantae";"Magnoliophyta";"Liliopsida";"Cyperales";"Poaceae";"Terrestrial";
"Passer domesticus";"Animalia";"Chordata";"Aves";"Passeriformes";"Passeridae";"Terrestrial";
"Passiflora edulis";"Plantae";"Magnoliophyta";"Magnoliopsida";"Violales";"Passifloraceae";"Terrestrial";
"Passiflora foetida";"Plantae";"Magnoliophyta";"Magnoliopsida";"Violales";"Passifloraceae";"Terrestrial";
"Passiflora suberosa";"Plantae";"Magnoliophyta";"Magnoliopsida";"Violales";"Passifloraceae";"Terrestrial";
"Perna perna";"Animalia";"Mollusca";"Bivalvia";"Mytiloida";"Mytilidae";"Marine";
"Perna viridis";"Animalia";"Mollusca";"Bivalvia";"Mytiloida";"Mytilidae";"Marine";
"Phalaris arundinacea";"Plantae";"Magnoliophyta";"Liliopsida";"Cyperales";"Poaceae";"Terrestrial";
"Pheidole megacephala";"Animalia";"Arthropoda";"Insecta";"Hymenoptera";"Formicidae";"Terrestrial";
"Philornis downsi";"Animalia";"Arthropoda";"Insecta";"Diptera";"Muscidae";"Terrestrial";
"Phoenix canariensis";"Plantae";"Magnoliophyta";"Liliopsida";"Arecales";"Arecaceae";"Terrestrial";
"Phragmites australis";"Plantae";"Magnoliophyta";"Liliopsida";"Cyperales";"Poaceae";"Terrestrial";
"Phyllorhiza punctata";"Animalia";"Cnidaria";"Scyphozoa";"Rhizostomeae";"Mastigiidae";"Marine";
"Phymatosorus scolopendria";"Plantae";"Pteridophyta";"Filicopsida";"Polypodiales";"	Polypodiaceae";"Terrestrial";
"Physalis peruviana";"Plantae";"Magnoliophyta";"Magnoliopsida";"Solanales";"Solanaceae";"Terrestrial";
"Pimenta dioica";"Plantae";"Magnoliophyta";"Magnoliopsida";"Myrtales";"Myrtaceae";"Terrestrial";
"Pinus";"Plantae";"Coniferophyta";"Pinopsida";"Pinales";"Pinaceae";"Terrestrial";
"Pinus caribaea";"Plantae";"Coniferophyta";"Pinopsida";"Pinales";"Pinaceae";"Terrestrial";
"Piper aduncum";"Plantae";"Magnoliophyta";"Magnoliopsida";"Piperales";"Piperaceae";"Terrestrial";
"Pistia stratiotes";"Plantae";"Magnoliophyta";"Liliopsida";"Arales";"Araceae";"Terrestrial";
"Pitangus sulphuratus";"Animalia";"Chordata";"Aves";"Passeriformes";"Tyrannidae";"Terrestrial";
"Pittosporum tenuifolium";"Plantae";"Magnoliophyta";"Magnoliopsida";"Rosales";"Pittosporaceae";"Terrestrial";
"Pittosporum undulatum";"Plantae";"Magnoliophyta";"Magnoliopsida";"Rosales";"Pittosporaceae";"Terrestrial";
"Plasmodium relictum";"Protista";"Apicomplexa";"Aconoidasida";"Haemosporida";"Plasmodiidae";"Terrestrial";
"Poa annua";"Plantae";"Magnoliophyta";"Liliopsida";"Cyperales";"Poaceae";"Terrestrial";
"Poecilia reticulata";"Animalia";"Chordata";"Actinopterygii";"Cyprinodontiformes";"Poeciliidae";"Freshwater";
"Pomacea canaliculata";"Animalia";"Mollusca";"Gastropoda";"Architaenioglossa";"Ampullariidae";"Freshwater";
"Pomacea insularum";"Animalia";"Mollusca";"Gastropoda";"Architaenioglossa";"Ampullariidae";"Freshwater";
"Porcellio scaber";"Animalia";"Arthropoda";"Malacostraca";"Isopoda";"Porcellionidae";"Terrestrial";
"Procambarus clarkii";"Animalia";"Arthropoda";"Malacostraca";"Decapoda";"Cambaridae";"Freshwater";
"Procyon lotor";"Animalia";"Chordata";"Mammalia";"Carnivora";"Procyonidae";"Terrestrial";
"Prosopis juliflora";"Plantae";"Magnoliophyta";"Magnoliopsida";"Fabales";"Fabaceae";"Terrestrial";
"Psidium cattleianum";"Plantae";"Magnoliophyta";"Magnoliopsida";"Myrtales";"Myrtaceae";"Terrestrial";
"Psidium guajava";"Plantae";"Magnoliophyta";"Magnoliopsida";"Myrtales";"Myrtaceae";"Terrestrial";
"Psittacula krameri";"Animalia";"Chordata";"Aves";"Psittaciformes";"Psittacidae";"Terrestrial";
"Pterois volitans";"Animalia";"Chordata";"Actinopterygii";"Scorpaeniformes";"Scorpaenidae";"Marine";
"Pterygoplichthys multiradiatus";"Animalia";"Chordata";"Actinopterygii";"Siluriformes";"Loricariidae";"Freshwater";
"Pterygoplichthys pardalis";"Animalia";"Chordata";"Actinopterygii";"Siluriformes";"Loricariidae";"Freshwater";
"Pterygoplichthys spp.";"Animalia";"Chordata";"Actinopterygii";"Siluriformes";"Loricariidae";"Freshwater";
"Puccinia psidii";"Fungi";"Basidiomycota";"Teliomycetes";"Uredinales";"Pucciniaceae";"Terrestrial";
"Python bivittatus";"Animalia";"Chordata";"Reptilia";"Squamata";"Pythonidae";"Terrestrial";
"Ramphotyphlops braminus";"Animalia";"Chordata";"Reptilia";"Squamata";"	Typhlopidae";"Terrestrial";
"Raoiella indica";"Animalia";"Arthropoda";"Arachnida";"Acariformes";"Tenuipalpidae";"Terrestrial";
"Rattus norvegicus";"Animalia";"Chordata";"Mammalia";"Rodentia";"Muridae";"Terrestrial";
"Rattus rattus";"Animalia";"Chordata";"Mammalia";"Rodentia";"Muridae";"Terrestrial";
"Rhinella marina";"Animalia";"Chordata";"Amphibia";"Anura";"Bufonidae";"Freshwater_terrestrial";
"Rhizophora mangle";"Plantae";"Magnoliophyta";"Magnoliopsida";"Rhizophorales";"Rhizophoraceae";"Terrestrial";
"Ricinus communis";"Plantae";"Magnoliophyta";"Magnoliopsida";"Euphorbiales";"Euphorbiaceae";"Terrestrial";
"Rosa bracteata";"Plantae";"Magnoliophyta";"Magnoliopsida";"Rosales";"Rosaceae";"Terrestrial";
"Rottboellia cochinchinensis";"Plantae";"Magnoliophyta";"Liliopsida";"Cyperales";"Poaceae";"Terrestrial";
"Rubus alceifolius";"Plantae";"Magnoliophyta";"Magnoliopsida";"Rosales";"Rosaceae";"Terrestrial";
"Rubus niveus";"Plantae";"Magnoliophyta";"Magnoliopsida";"Rosales";"Rosaceae";"Terrestrial";
"Rubus rosifolius";"Plantae";"Magnoliophyta";"Magnoliopsida";"Rosales";"Rosaceae";"Terrestrial";
"Rumex crispus";"Plantae";"Magnoliophyta";"Magnoliopsida";"Polygonales";"Polygonaceae";"Terrestrial";
"Rusa unicolor";"Animalia";"Chordata";"Mammalia";"Artiodactyla";"Cervidae";"Terrestrial";
"Sacciolepis indica";"Plantae";"Magnoliophyta";"Liliopsida";"Cyperales";"Poaceae";"Terrestrial";
"Sagittaria sagittifolia";"Plantae";"Magnoliophyta";"Liliopsida";"Alismatales";"Alismataceae";"Terrestrial";
"Salix babylonica";"Plantae";"Magnoliophyta";"Magnoliopsida";"Malpighiales";"Salicaceae";"Terrestrial";
"Salix humboldtiana";"Plantae";"Magnoliophyta";"Magnoliopsida";"Malpighiales";"Salicaceae";"Terrestrial";
"Salmo salar";"Animalia";"Chordata";"Actinopterygii";"Salmoniformes";"Salmonidae";"Marine";
"Salmo trutta";"Animalia";"Chordata";"Actinopterygii";"Salmoniformes";"Salmonidae";"Freshwater";
"Salvinia minima";"Plantae";"Pteridophyta";"Filicopsida";"Hydropteridales";"Salviniaceae";"Terrestrial";
"Salvinia molesta";"Plantae";"Pteridophyta";"Filicopsida";"Hydropteridales";"Salviniaceae";"Terrestrial";
"Sansevieria hyacinthoides";"Plantae";"Magnoliophyta";"Liliopsida";"Liliales";"Liliaceae";"Terrestrial";
"Sansevieria trifasciata";"Plantae";"Magnoliophyta";"Liliopsida";"Liliales";"Liliaceae";"Terrestrial";
"Sargassum fluitans";"Plantae";"Phaeophycophyta";"Phaeophyceae";"Fucales";"Sargassaceae";"Marine";
"Scaevola sericea";"Plantae";"Magnoliophyta";"Magnoliopsida";"Campanulales";"Goodeniaceae";"Terrestrial";
"Schefflera actinophylla";"Plantae";"Magnoliophyta";"Magnoliopsida";"Apiales";"Araliaceae";"Terrestrial";
"Schinus terebinthifolius";"Plantae";"Magnoliophyta";"Magnoliopsida";"Sapindales";"Anacardiaceae";"Terrestrial";
"Schizoporella errata";"Animalia";"Ectoprocta";"Gymnolaemata";"Cheilostomata";"Schizoporellidae";"Marine";
"Scinax ruber";"Animalia";"Chordata";"Amphibia";"Anura";"Hylidae";"Freshwater_terrestrial";
"Scinax x-signatus";"Animalia";"Chordata";"Amphibia";"Anura";"Hylidae";"Freshwater_terrestrial";
"Scyphophorus acupunctatus";"Animalia";"Arthropoda";"Insecta";"Coleoptera";"Curculionidae";"Terrestrial";
"Sechium edule";"Plantae";"Magnoliophyta";"Magnoliopsida";"Violales";"Cucurbitaceae";"Terrestrial";
"Solanum tampicense";"Plantae";"Magnoliophyta";"Magnoliopsida";"Solanales";"Solanaceae";"Terrestrial";
"Solenopsis geminata";"Animalia";"Arthropoda";"Insecta";"Hymenoptera";"Formicidae";"Terrestrial";
"Solenopsis invicta";"Animalia";"Arthropoda";"Insecta";"Hymenoptera";"Formicidae";"Terrestrial";
"Sonchus asper";"Plantae";"Magnoliophyta";"Magnoliopsida";"Asterales";"Asteraceae";"Terrestrial";
"Sonchus oleraceus";"Plantae";"Magnoliophyta";"Magnoliopsida";"Asterales";"Asteraceae";"Terrestrial";
"Sorghum halepense";"Plantae";"Magnoliophyta";"Liliopsida";"Cyperales";"Poaceae";"Terrestrial";
"Spartina alterniflora";"Plantae";"Magnoliophyta";"Liliopsida";"Cyperales";"Poaceae";"Terrestrial";
"Spathodea campanulata";"Plantae";"Magnoliophyta";"Magnoliopsida";"Scrophulariales";"Bignoniaceae";"Terrestrial";
"Spermacoce verticillata";"Plantae";"Magnoliophyta";"Magnoliopsida";"Rubiales";"Rubiaceae";"Terrestrial";
"Sphagneticola trilobata";"Plantae";"Magnoliophyta";"Magnoliopsida";"Asterales";"Asteraceae";"Terrestrial";
"Streptopelia decaocto";"Animalia";"Chordata";"Aves";"Columbiformes";"Columbidae";"Terrestrial";
"Sturnus vulgaris";"Animalia";"Chordata";"Aves";"Passeriformes";"Sturnidae";"Terrestrial";
"Styela plicata";"Animalia";"Chordata";"Ascidiacea";"Pleurogona";"Styelidae";"Marine";
"Sus scrofa";"Animalia";"Chordata";"Mammalia";"Artiodactyla";"Suidae";"Terrestrial";
"Syngonium podophyllum";"Plantae";"Magnoliophyta";"Liliopsida";"Arales";"Araceae";"Terrestrial";
"Syzygium cumini";"Plantae";"Magnoliophyta";"Magnoliopsida";"Myrtales";"Myrtaceae";"Terrestrial";
"Syzygium jambos";"Plantae";"Magnoliophyta";"Magnoliopsida";"Myrtales";"Myrtaceae";"Terrestrial";
"Tabebuia heterophylla";"Plantae";"Magnoliophyta";"Magnoliopsida";"Scrophulariales";"Bignoniaceae";"Terrestrial";
"Tapinoma melanocephalum";"Animalia";"Arthropoda";"Insecta";"Hymenoptera";"Formicidae";"Terrestrial";
"Taraxacum officinale";"Plantae";"Magnoliophyta";"Magnoliopsida";"Asterales";"Asteraceae";"Terrestrial";
"Technomyrmex albipes";"Animalia";"Arthropoda";"Insecta";"Hymenoptera";"Formicidae";"Terrestrial";
"Tecoma capensis";"Plantae";"Magnoliophyta";"Magnoliopsida";"Scrophulariales";"Bignoniaceae";"Terrestrial";
"Tecoma stans";"Plantae";"Magnoliophyta";"Magnoliopsida";"Scrophulariales";"Bignoniaceae";"Terrestrial";
"Terminalia catappa";"Plantae";"Magnoliophyta";"Magnoliopsida";"Myrtales";"Combretaceae";"Terrestrial";
"Thevetia peruviana";"Plantae";"Magnoliophyta";"Magnoliopsida";"Gentianales";"Apocynaceae";"Terrestrial";
"Thunbergia grandiflora";"Plantae";"Magnoliophyta";"Magnoliopsida";"Scrophulariales";"Acanthaceae";"Terrestrial";
"Tibouchina urvilleana";"Plantae";"Magnoliophyta";"Magnoliopsida";"Myrtales";"Melastomataceae";"Terrestrial";
"Tilapia zillii";"Animalia";"Chordata";"Actinopterygii";"Perciformes";"Cichlidae";"Freshwater";
"Tithonia diversifolia";"Plantae";"Magnoliophyta";"Magnoliopsida";"Asterales";"Asteraceae";"Terrestrial";
"Toumeyella parvicornis";"Animalia";"Arthropoda";"Insecta";"Hemiptera";"Coccidae";"Terrestrial";
"Trachemys scripta elegans";"Animalia";"Chordata";"Reptilia";"Testudines";"Emydidae";"Freshwater_terrestrial";
"Tradescantia fluminensis";"Plantae";"Magnoliophyta";"Liliopsida";"Commelinales";"Commelinaceae";"Terrestrial";
"Tradescantia spathacea";"Plantae";"Magnoliophyta";"Liliopsida";"Commelinales";"Commelinaceae";"Terrestrial";
"Triadica sebifera";"Plantae";"Magnoliophyta";"Magnoliopsida";"Euphorbiales";"Euphorbiaceae";"Terrestrial";
"Trididemnum solidum";"Animalia";"Chordata";"Ascidiacea";"Enterogona";"Didemnidae";"Marine";
"Triphasia trifolia";"Plantae";"Magnoliophyta";"Magnoliopsida";"Sapindales";"Rutaceae";"Terrestrial";
"Tubastraea coccinea";"Animalia";"Cnidaria";"Anthozoa";"Scleractinia";"Dendrophylliidae";"Marine";
"Urochloa maxima";"Plantae";"Magnoliophyta";"Liliopsida";"Cyperales";"Poaceae";"Terrestrial";
"Urochloa mutica";"Plantae";"Magnoliophyta";"Liliopsida";"Cyperales";"Poaceae";"Terrestrial";
"Varroa destructor";"Animalia";"Arthropoda";"Arachnida";"Parasitiformes";"Varroidae";"Terrestrial";
"Verbena rigida";"Plantae";"Magnoliophyta";"Magnoliopsida";"Lamiales";"Verbenaceae";"Terrestrial";
"Vulpia bromoides";"Plantae";"Magnoliophyta";"Liliopsida";"Cyperales";"Poaceae";"Terrestrial";
"Wasmannia auropunctata";"Animalia";"Arthropoda";"Insecta";"Hymenoptera";"Formicidae";"Terrestrial";
"Watersipora subtorquata";"Animalia";"Ectoprocta";"Gymnolaemata";"Cheilostomata";"Watersiporidae";"Marine";
"West Nile virus";"Virus";"";"";"";"Flaviviridae";"Terrestrial";
"Wisteria sinensis";"Plantae";"Magnoliophyta";"Magnoliopsida";"Fabales";"Fabaceae";"Terrestrial";
"Xiphophorus hellerii";"Animalia";"Chordata";"Actinopterygii";"Cyprinodontiformes";"Poeciliidae";"Freshwater";
"Xylosandrus compactus";"Animalia";"Arthropoda";"Insecta";"Coleoptera";"Scolytidae";"Terrestrial";
"Zantedeschia aethiopica";"Plantae";"Magnoliophyta";"Liliopsida";"Arales";"Araceae";"Terrestrial";
"Ziziphus mauritiana";"Plantae";"Magnoliophyta";"Magnoliopsida";"Rhamnales";"Rhamnaceae";"Terrestrial";
